{"1491148800.0": 0.000164, "1496678400.0": 0.00373, "1515430800.0": 0.0135, "1527091200.0": 0.00737, "1510851600.0": 0.00123, "1521734400.0": 0.00269, "1509638400.0": 0.00134, "1510160400.0": 0.00128, "1505059200.0": 0.00162, "1535299200.0": 0.00179, "1495900800.0": 0.00238, "1535558400.0": 0.00217, "1530979200.0": 0.00312, "1518454800.0": 0.0047, "1524585600.0": 0.00522, "1513875600.0": 0.00569, "1538150400.0": 0.00237, "1537977600.0": 0.00212, "1508083200.0": 0.0014, "1503504000.0": 0.00127, "1494345600.0": 0.000483, "1522425600.0": 0.00212, "1527436800.0": 0.00612, "1534003200.0": 0.00183, "1529424000.0": 0.00403, "1516899600.0": 0.00669, "1512320400.0": 0.00198, "1535644800.0": 0.00201, "1526054400.0": 0.0106, "1506528000.0": 0.00136, "1511542800.0": 0.00163, "1501948800.0": 0.00139, "1497369600.0": 0.00306, "1524931200.0": 0.00564, "1492790400.0": 0.000192, "1532448000.0": 0.00303, "1536076800.0": 0.00256, "1519923600.0": 0.00461, "1538496000.0": 0.00227, "1526140800.0": 0.00934, "1515344400.0": 0.0159, "1510765200.0": 0.00119, "1492099200.0": 0.000143, "1509552000.0": 0.00143, "1504972800.0": 0.00172, "1500393600.0": 0.00138, "1495814400.0": 0.00328, "1512493200.0": 0.00222, "1491235200.0": 0.000146, "1530892800.0": 0.00317, "1535990400.0": 0.00249, "1518368400.0": 0.00446, "1513789200.0": 0.00445, "1507996800.0": 0.00142, "1525276800.0": 0.00533, "1503417600.0": 0.00117, "1498838400.0": 0.00189, "1494259200.0": 0.000527, "1533916800.0": 0.00199, "1529337600.0": 0.00404, "1527782400.0": 0.00668, "1524758400.0": 0.00508, "1512234000.0": 0.00179, "1528128000.0": 0.00614, "1522771200.0": 0.00225, "1506441600.0": 0.00131, "1501862400.0": 0.00126, "1497283200.0": 0.00307, "1492704000.0": 0.000192, "1532361600.0": 0.00314, "1519837200.0": 0.00487, "1515258000.0": 0.0162, "1525622400.0": 0.0071, "1510678800.0": 0.00113, "1509465600.0": 0.00138, "1504886400.0": 0.00187, "1500307200.0": 0.00126, "1505491200.0": 0.00118, "1501603200.0": 0.00128, "1495728000.0": 0.0032, "1535385600.0": 0.00187, "1528473600.0": 0.00579, "1530806400.0": 0.00346, "1526227200.0": 0.0099, "1512061200.0": 0.00159, "1523116800.0": 0.00211, "1513702800.0": 0.00482, "1507910400.0": 0.00144, "1535212800.0": 0.00175, "1503331200.0": 0.0012, "1498752000.0": 0.00213, "1494172800.0": 0.000498, "1525968000.0": 0.0136, "1529251200.0": 0.00422, "1516726800.0": 0.00622, "1512147600.0": 0.00163, "1506355200.0": 0.00125, "1501776000.0": 0.0012, "1497196800.0": 0.00342, "1492617600.0": 0.000179, "1523462400.0": 0.00245, "1532275200.0": 0.00315, "1519750800.0": 0.00499, "1515171600.0": 0.0102, "1517158800.0": 0.00747, "1509379200.0": 0.0014, "1504800000.0": 0.002, "1526313600.0": 0.0121, "1526918400.0": 0.00915, "1500220800.0": 0.00116, "1495641600.0": 0.00351, "1520956800.0": 0.00317, "1491062400.0": 0.000171, "1530720000.0": 0.00351, "1494000000.0": 0.000233, "1518195600.0": 0.00458, "1513616400.0": 0.00473, "1511629200.0": 0.00166, "1507824000.0": 0.00141, "1523808000.0": 0.0037, "1503244800.0": 0.00117, "1498665600.0": 0.0022, "1494086400.0": 0.000252, "1537372800.0": 0.00187, "1533744000.0": 0.00213, "1529164800.0": 0.0042, "1516640400.0": 0.00665, "1526659200.0": 0.00912, "1521302400.0": 0.00253, "1506268800.0": 0.0012, "1501689600.0": 0.0013, "1497110400.0": 0.00353, "1492531200.0": 0.000206, "1526486400.0": 0.0103, "1532188800.0": 0.00314, "1519664400.0": 0.00471, "1523030400.0": 0.00204, "1510506000.0": 0.00111, "1509292800.0": 0.00136, "1537718400.0": 0.00202, "1504713600.0": 0.002, "1500134400.0": 0.00137, "1495555200.0": 0.00364, "1490976000.0": 0.000149, "1522339200.0": 0.00233, "1530633600.0": 0.00363, "1518109200.0": 0.00454, "1513530000.0": 0.00422, "1521648000.0": 0.00282, "1500480000.0": 0.00138, "1498924800.0": 0.00235, "1538064000.0": 0.00219, "1507737600.0": 0.00143, "1503158400.0": 0.00116, "1512579600.0": 0.00231, "1538236800.0": 0.00227, "1533657600.0": 0.00232, "1524499200.0": 0.00494, "1529078400.0": 0.00441, "1516554000.0": 0.00728, "1511974800.0": 0.00177, "1506182400.0": 0.00117, "1527350400.0": 0.00672, "1536681600.0": 0.002, "1521993600.0": 0.00264, "1532102400.0": 0.00315, "1519578000.0": 0.00453, "1514998800.0": 0.00622, "1509206400.0": 0.00133, "1529769600.0": 0.00286, "1504627200.0": 0.00185, "1524844800.0": 0.00548, "1500048000.0": 0.00156, "1495468800.0": 0.00383, "1517245200.0": 0.00726, "1490889600.0": 0.000137, "1538409600.0": 0.00221, "1530547200.0": 0.00326, "1518022800.0": 0.00437, "1513443600.0": 0.00312, "1527696000.0": 0.00662, "1507651200.0": 0.00134, "1503072000.0": 0.00126, "1502812800.0": 0.00135, "1498492800.0": 0.00221, "1493913600.0": 0.00023, "1535904000.0": 0.00252, "1533571200.0": 0.00232, "1528992000.0": 0.00448, "1519059600.0": 0.00577, "1516467600.0": 0.00786, "1506096000.0": 0.00114, "1501516800.0": 0.00123, "1496937600.0": 0.00347, "1492358400.0": 0.00015, "1532016000.0": 0.00331, "1519491600.0": 0.0047, "1528041600.0": 0.00646, "1522857600.0": 0.00221, "1510333200.0": 0.00132, "1522684800.0": 0.00215, "1509120000.0": 0.00136, "1504540800.0": 0.00201, "1499961600.0": 0.00163, "1495382400.0": 0.00299, "1521475200.0": 0.00254, "1490803200.0": 0.000192, "1530460800.0": 0.00296, "1525536000.0": 0.00703, "1517936400.0": 0.00347, "1513357200.0": 0.00285, "1507564800.0": 0.0013, "1502985600.0": 0.00133, "1498406400.0": 0.00233, "1528387200.0": 0.00604, "1493827200.0": 0.000222, "1533484800.0": 0.00232, "1491321600.0": 0.000144, "1496246400.0": 0.00214, "1528905600.0": 0.00424, "1516381200.0": 0.00765, "1536595200.0": 0.00204, "1520010000.0": 0.00449, "1506009600.0": 0.00121, "1501430400.0": 0.00123, "1525881600.0": 0.0182, "1496851200.0": 0.00357, "1492272000.0": 0.00014, "1531929600.0": 0.00348, "1519405200.0": 0.00483, "1514826000.0": 0.00584, "1510246800.0": 0.00134, "1509033600.0": 0.00139, "1504454400.0": 0.00209, "1499875200.0": 0.00128, "1495296000.0": 0.00193, "1537200000.0": 0.00191, "1490716800.0": 0.000158, "1536940800.0": 0.00189, "1530374400.0": 0.00297, "1517850000.0": 0.00398, "1513270800.0": 0.00268, "1510419600.0": 0.00122, "1507478400.0": 0.00131, "1502899200.0": 0.00138, "1520870400.0": 0.00336, "1498320000.0": 0.00269, "1493740800.0": 0.000222, "1400688000.0": 0.000119, "1528819200.0": 0.00472, "1526400000.0": 0.0113, "1516294800.0": 0.00773, "1511715600.0": 0.00165, "1497801600.0": 0.00282, "1523721600.0": 0.0032, "1523289600.0": 0.00214, "1505923200.0": 0.0013, "1501344000.0": 0.00126, "1537286400.0": 0.00184, "1516813200.0": 0.00643, "1496764800.0": 0.00367, "1492185600.0": 0.000152, "1531843200.0": 0.00328, "1527264000.0": 0.00692, "1526572800.0": 0.00975, "1514739600.0": 0.00552, "1521216000.0": 0.00267, "1508947200.0": 0.00136, "1504368000.0": 0.00221, "1534780800.0": 0.00174, "1499788800.0": 0.00109, "1495209600.0": 0.00161, "1534867200.0": 0.00167, "1530288000.0": 0.00245, "1525708800.0": 0.00685, "1513184400.0": 0.00261, "1537632000.0": 0.002, "1507392000.0": 0.00129, "1533830400.0": 0.00212, "1498233600.0": 0.00274, "1493654400.0": 0.000224, "1533312000.0": 0.00244, "1528732800.0": 0.00481, "1521561600.0": 0.00266, "1516208400.0": 0.00614, "1535126400.0": 0.00171, "1505836800.0": 0.00136, "1400601600.0": 0.00021, "1497024000.0": 0.00346, "1524412800.0": 0.00483, "1536336000.0": 0.00212, "1531756800.0": 0.00312, "1517763600.0": 0.0048, "1519232400.0": 0.00536, "1514653200.0": 0.00538, "1510074000.0": 0.00124, "1508860800.0": 0.00141, "1504281600.0": 0.00239, "1521907200.0": 0.00277, "1533398400.0": 0.0024, "1530201600.0": 0.00258, "1535472000.0": 0.00214, "1517677200.0": 0.00486, "1513098000.0": 0.00259, "1507305600.0": 0.00128, "1502726400.0": 0.00137, "1521388800.0": 0.00231, "1498147200.0": 0.00264, "1538323200.0": 0.00223, "1493568000.0": 0.000194, "1533225600.0": 0.00256, "1520701200.0": 0.00335, "1511888400.0": 0.00176, "1524067200.0": 0.00426, "1527609600.0": 0.0058, "1522252800.0": 0.00256, "1501171200.0": 0.0014, "1535817600.0": 0.00249, "1496592000.0": 0.00373, "1492012800.0": 0.000138,